frequency_hz,gain_db
10000000.0,11.091341698948739
10232930.0,11.091429325756607
10471290.0,11.091518800476099
10715190.0,11.091610205655789
10964780.0,11.091727850903759
11220180.0,11.091823395791314
11481540.0,11.091945377469541
11748980.0,11.092045457756667
12022640.0,11.092172191891436
12302690.0,11.092301466183676
12589250.0,11.092433407036646
12882500.0,11.092568133427294
13182570.0,11.092730002729024
13489630.0,11.09287070679777
13803840.0,11.093038829774253
14125380.0,11.093210305021831
14454400.0,11.093385288159364
14791080.0,11.093563941047073
15135610.0,11.093746447197221
15488170.0,11.093957183499686
15848930.0,11.094172140462819
16218100.0,11.094391508762595
16595870.0,11.094615497554809
16982440.0,11.094868526523438
17378010.0,11.095126623995428
17782790.0,11.095390020202933
18197010.0,11.095658966520734
18620870.0,11.095957921664176
19054610.0,11.096262958422924
19498450.0,11.09657436018386
19952620.0,11.096916627777144
20417380.0,11.097265866144523
20892960.0,11.097622436327653
21379620.0,11.098010789139014
21877620.0,11.098407207728087
22387210.0,11.09883616625221
22908680.0,11.099273835200753
23442290.0,11.099744938290643
23988330.0,11.100225607219903
24547090.0,11.10071633678302
25118860.0,11.10126592410786
25703960.0,11.101802351840321
26302680.0,11.102398629289523
26915350.0,11.103007059394903
27542290.0,11.10362806654729
28183830.0,11.104310518179087
28840320.0,11.105006899286295
29512090.0,11.105741859741709
30199520.0,11.10649192816731
30902950.0,11.107306147590275
31622780.0,11.10813694778649
32359370.0,11.109009268610528
33113110.0,11.109923810373616
33884420.0,11.110881521899326
34673690.0,11.111907303821482
35481340.0,11.112953895730728
36307810.0,11.114046267407385
37153520.0,11.115209644699444
38018940.0,11.116420787886415
38904510.0,11.117681008221274
39810720.0,11.118991283272734
40738030.0,11.120376996527096
41686940.0,11.121839186812533
42657950.0,11.123355254949958
43651580.0,11.124950580362645
44668360.0,11.126602550733164
45708820.0,11.128336484914819
46773510.0,11.130154108310215
47863010.0,11.132080964615893
48977880.0,11.134070627434403
50118720.0,11.136148928303482
51286140.0,11.138341565398498
52480750.0,11.140626554473759
53703180.0,11.143005872481222
54954090.0,11.14550539482612
56234130.0,11.148127392805256
57543990.0,11.150873850761453
58884370.0,11.153723424361452
60255960.0,11.156726217376534
61659500.0,11.159860661526228
63095730.0,11.16315360635538
64565420.0,11.166583703704873
66069340.0,11.17017734555426
67608300.0,11.17391381697499
69183100.0,11.177843997205084
70794580.0,11.181946938674415
72443600.0,11.186249775559657
74131020.0,11.19073203624362
75857760.0,11.195420805758346
77624710.0,11.200343950541356
79432820.0,11.205481109371519
81283050.0,11.210836111230007
83176380.0,11.216436634848135
85113800.0,11.222310669764155
87096360.0,11.228438900585541
89125090.0,11.234825334383514
91201080.0,11.241521923541207
93325430.0,11.248509757686435
95499260.0,11.255817020753048
97723720.0,11.263448675941806
100000000.0,11.271410152782085
102329300.0,11.279753037106337
104712900.0,11.28843562646397
107151900.0,11.297510615162894
109647800.0,11.306983492155013
112201800.0,11.316883219864105
114815400.0,11.327215082143692
117489800.0,11.337985198017918
120226400.0,11.349246269592735
123026900.0,11.360980527240443
125892500.0,11.373217097263472
128825000.0,11.385985824668358
131825700.0,11.399292274398443
134896300.0,11.413188427211479
138038400.0,11.427658006110516
141253800.0,11.442729513651972
144544000.0,11.458454495983405
147910800.0,11.474816727734156
151356100.0,11.491866996191824
154881700.0,11.509633409638433
158489300.0,11.528122195019712
162181000.0,11.547360177785768
165958700.0,11.567375258515682
169824400.0,11.588217347699333
173780100.0,11.609867415821997
177827900.0,11.632396804261244
181970100.0,11.655808993096787
186208700.0,11.680128771735504
190546100.0,11.70538036984863
194984500.0,11.731631070076745
199526200.0,11.758860407936758
204173800.0,11.787111796548668
208929600.0,11.816425791202867
213796200.0,11.846828953001555
218776200.0,11.87833263899453
223872100.0,11.910980094770025
229086800.0,11.944780202606326
234422900.0,11.979800901635542
239883300.0,12.016006591580606
245470900.0,12.053477541811137
251188600.0,12.092210700624452
257039600.0,12.13223352911979
263026800.0,12.173574705781089
269153500.0,12.216252328570505
275422900.0,12.26029730739539
281838300.0,12.305698008386472
288403200.0,12.352514810770112
295120900.0,12.400732364171187
301995200.0,12.450393387421055
309029500.0,12.501485675805057
316227800.0,12.554014766359288
323593700.0,12.608022287282274
331131100.0,12.663470975616518
338844200.0,12.720405047042503
346736900.0,12.778795466418611
354813400.0,12.838655930601991
363078100.0,12.899990384638027
371535200.0,12.962778732044917
380189400.0,13.027013784706657
389045100.0,13.092682930179462
398107200.0,13.159774880024484
407380300.0,13.228256175633899
416869400.0,13.2981371321144
426579500.0,13.369359380946474
436515800.0,13.441920339449576
446683600.0,13.515767492589907
457088200.0,13.590873949970202
467735100.0,13.667210081302246
478630100.0,13.744730955460835
489778800.0,13.823390234850034
501187200.0,13.903135791553265
512861400.0,13.983930481139211
524807500.0,14.065707132840368
537031800.0,14.148414488733334
549540900.0,14.23202561337046
562341300.0,14.316431162946943
575439900.0,14.401599918385523
588843700.0,14.487449456368287
602559600.0,14.573937011170731
616595000.0,14.660970643386943
630957300.0,14.74849820636324
645654200.0,14.836419908652154
660693400.0,14.92469627793471
676083000.0,15.013234871547512
691831000.0,15.101967718708684
707945800.0,15.190817062178084
724436000.0,15.279708918532634
741310200.0,15.368566888048505
758577600.0,15.45730538708071
776247100.0,15.545875966840761
794328200.0,15.634181862333955
812830500.0,15.722150632715092
831763800.0,15.809707671923023
851138000.0,15.89678240276309
870963600.0,15.98332729372279
891250900.0,16.069236391478874
912010800.0,16.154475776915632
933254300.0,16.238960472768365
954992600.0,16.322632972249046
977237200.0,16.40543950321493
1000000000.0,16.487316996625914
1023293000.0,16.56819457789685
1047129000.0,16.648044222362156
1071519000.0,16.72681124721729
1096478000.0,16.804443491409472
1122018000.0,16.88088489985914
1148154000.0,16.956115351544607
1174898000.0,17.030087145541707
1202264000.0,17.102754076582848
1230269000.0,17.174109164157258
1258925000.0,17.244107853941227
1288250000.0,17.312737695356564
1318257000.0,17.379959828429584
1348963000.0,17.44576636744935
1380384000.0,17.510129315504436
1412538000.0,17.57305495748293
1445440000.0,17.63452284211733
1479108000.0,17.694528924145715
1513561000.0,17.75306354608029
1548817000.0,17.810130996937556
1584893000.0,17.865721557885102
1621810000.0,17.919852651141348
1659587000.0,17.972532103254164
1698244000.0,18.02374934073385
1737801000.0,18.073539937530487
1778279000.0,18.12189357763161
1819701000.0,18.168832025700723
1862087000.0,18.214375351289856
1905461000.0,18.258551590948514
1949845000.0,18.301350095614232
1995262000.0,18.34281526994361
2041738000.0,18.382969715365725
2089296000.0,18.42182065435246
2137962000.0,18.45940735776429
2187762000.0,18.495736551273534
2238721000.0,18.530851094765843
2290868000.0,18.5647740574848
2344229000.0,18.597528188513287
2398833000.0,18.629147431324327
2454709000.0,18.659641971740168
2511886000.0,18.689059975116663
2570396000.0,18.717414219233955
2630268000.0,18.744740328002145
2691535000.0,18.77107033158694
2754229000.0,18.796427972294666
2818383000.0,18.820835959384056
2884032000.0,18.844325674570026
2951209000.0,18.866932742463828
3019952000.0,18.88866753655885
3090295000.0,18.909575990542265
3162278000.0,18.929676450055595
3235937000.0,18.9489880074003
3311311000.0,18.967539473513437
3388442000.0,18.985368207467587
3467369000.0,19.00248256212318
3548134000.0,19.018919068461788
3630781000.0,19.034698641342864
3715352000.0,19.049832300064132
3801894000.0,19.064359310804083
3890451000.0,19.078299512010062
3981072000.0,19.09166749448408
4073803000.0,19.104486030923276
4168694000.0,19.116778936201772
4265795000.0,19.12855579927848
4365158000.0,19.139852881781074
4466836000.0,19.15067640685191
4570882000.0,19.161043540947794
4677351000.0,19.170980794711166
4786301000.0,19.180492916060224
4897788000.0,19.189609080548948
5011872000.0,19.198342110269444
5128614000.0,19.206699521984017
5248075000.0,19.214696940266048
5370318000.0,19.222360671304152
5495409000.0,19.22969570138926
5623413000.0,19.236717766325675
5754399000.0,19.24343437778881
5888437000.0,19.249860162607906
6025596000.0,19.256010984092722
6165950000.0,19.261902744357982
6309573000.0,19.267531555401625
6456542000.0,19.27292390061679
6606934000.0,19.278075840337582
6760830000.0,19.28300354521826
6918310000.0,19.2877134610729
7079458000.0,19.292221400518507
7244360000.0,19.296534153965045
7413102000.0,19.300658217930554
7585776000.0,19.304600356705553
7762471000.0,19.30836732436718
7943282000.0,19.31197548710745
8128305000.0,19.31542221502073
8317638000.0,19.318714657076853
8511380000.0,19.321859711296653
8709636000.0,19.324874023270077
8912509000.0,19.327755280338355
9120108000.0,19.330501404215187
9332543000.0,19.333129164711345
9549926000.0,19.33564582491232
9772372000.0,19.338040228263253
10000000000.0,19.340338609505974
